Prompt,Distribution Mean,Distribution Std Dev,KS Statistic,KS p-value,KS Normal (p>0.05),AD Statistic,AD p-value,AD Critical Value (5%),AD Normal (stat<crit),Column
1,49.9625,25.687761555846006,0.1910090849207024,2.2291725391607833e-64,False,74.33466070308441,0.0001,0.785,False,Confidence Value
2,41.6905,35.97355570068102,0.2542312855806568,1.9408326468285434e-114,False,182.69586526952116,0.0001,0.785,False,Confidence Value
3,39.380904522613065,13.651021541686452,0.2268700353322436,1.7078929880816376e-90,False,115.55000046720488,0.0001,0.785,False,Confidence Value
4,44.0275,22.452878295443547,0.16468163431712957,7.207883145936525e-48,False,51.72660272002031,0.0001,0.785,False,Confidence Value
5,91.3855,18.125200405788622,0.3955322989225881,1.2705129610983385e-282,False,396.648459097848,0.0001,0.785,False,Confidence Value
