Original Prompt,N Perturbations,GPT-4.1 Mean,GPT-4.1 Std,GPT-4.1 Range,Claude Opus 4 Mean,Claude Opus 4 Std,Claude Opus 4 Range,Gemini 2.0 Mean,Gemini 2.0 Std,Gemini 2.0 Range,Avg Cross-Model Std,Max Cross-Model Range
An insurance policy contains the following exclusi...,3861,16.43874643874644,10.65452254473003,95.0,31.66701030927835,23.954711531748035,75.0,49.63659793814433,25.703799378679914,100.0,21.083450977456902,90.0
"In a prenuptial agreement, if one party files a pe...",3921,31.182606477939302,11.554057218333778,100.0,51.86646433990895,28.01877936777363,85.0,41.79059180576631,35.95501086327099,100.0,24.21672016996069,95.0
Does the following contract term from 1961 natural...,3941,30.422481603653896,6.93280965981096,85.0,25.208810068649885,11.394944206855925,75.0,39.357505070993916,13.65221716233173,84.0,10.324050317812114,70.0
A contractor and business corresponded about const...,3962,52.93991416309013,18.20748610864971,95.0,70.49012658227848,16.00695703403842,85.0,43.967693084300855,22.475507795944424,95.0,20.27173498180026,94.0
You are analyzing an insurance policy dispute. The...,3862,51.29057387691509,26.628448061989328,100.0,63.6743708269132,37.57512209103707,100.0,91.25563524590164,18.243012438338152,100.0,26.70761550118788,100.0
