{
  "models": {
    "gpt": {
      "mae": 0.20549425736252386,
      "std": 0.1256577203090735,
      "n_matched": 50,
      "mae_values": [
        0.578450310991925,
        0.1464225067648608,
        0.4352582585486928,
        0.22674341227374695,
        0.3393053177643156,
        0.045309870709801636,
        0.10678608867147332,
        0.14106407598824244,
        0.01926493413497321,
        0.12796860877103977,
        0.29467812782331126,
        0.3193365000456553,
        0.12138582946063281,
        0.20919868900881655,
        0.2524492054205606,
        0.17619438985450553,
        0.37824007106574137,
        0.2852701666094988,
        0.269109813940583,
        0.3060342782044037,
        0.0958442309970951,
        0.1787189461785712,
        0.031853136492578926,
        0.18020434502425708,
        0.15138579273726804,
        0.08842057183873253,
        0.42398923883774176,
        0.147572592146065,
        0.053001866143243426,
        0.2997745591719981,
        0.44933802013821855,
        0.21525067806542786,
        0.001987621292087849,
        0.09890105887722989,
        0.31127153256248663,
        0.14465218728964802,
        0.13577804024951193,
        0.311756017993245,
        0.16203372703661412,
        0.2499884597872728,
        0.15059061889317538,
        0.23161383260280521,
        0.018446790111242894,
        0.07494246910831315,
        0.07653462042433001,
        0.3360685584425386,
        0.10265288619841001,
        0.3257853112534947,
        0.15948955265261838,
        0.28839514952719014
      ],
      "questions": [
        "Is a \"screenshot\" a \"photograph\"?",
        "Is \"advising\" someone \"instructing\" them?",
        "Is an \"algorithm\" a \"procedure\"?",
        "Is a \"drone\" an \"aircraft\"?",
        "Is \"reading aloud\" a form of \"performance\"?",
        "Is \"training\" an AI model \"authoring\" content?",
        "Is a \"wedding\" a \"party\"?",
        "Is \"streaming\" a video \"broadcasting\" that video?",
        "Is \"braiding\" hair a form of \"weaving\"?",
        "Is \"digging\" a form of \"construction\"?",
        "Is a \"smartphone\" a \"computer\"?",
        "Is a \"cactus\" a \"tree\"?",
        "Is a \"bonus\" a form of \"wages\"?",
        "Is \"forwarding\" an email \"sending\" that email?",
        "Is a \"chatbot\" a \"service\"?",
        "Is \"plagiarism\" a form of \"theft\"?",
        "Is \"remote viewing\" of an event \"attending\" it?",
        "Is \"whistling\" a form of \"music\"?",
        "Is \"caching\" data in computer memory \"storing\" that data?",
        "Is a \"waterway\" a form of \"roadway\"?",
        "Is a \"deepfake\" a \"portrait\"?",
        "Is \"humming\" a form of \"singing\"?",
        "Is \"liking\" a social media post \"endorsing\" it?",
        "Is \"herding\" animals a form of \"transporting\" them?",
        "Is an \"NFT\" a \"security\"?",
        "Is \"sleeping\" an \"activity\"?",
        "Is a \"driverless car\" a \"motor vehicle operator\"?",
        "Is a \"subscription fee\" a form of \"purchase\"?",
        "Is \"mentoring\" someone a form of \"supervising\" them?",
        "Is a \"biometric scan\" a form of \"signature\"?",
        "Is a \"digital wallet\" a \"bank account\"?",
        "Is \"dictation\" a form of \"writing\"?",
        "Is a \"virtual tour\" a form of \"inspection\"?",
        "Is \"bartering\" a form of \"payment\"?",
        "Is \"listening\" to an audiobook \"reading\" it?",
        "Is a \"nest\" a form of \"dwelling\"?",
        "Is a \"QR code\" a \"document\"?",
        "Is a \"tent\" a \"building\"?",
        "Is a \"whisper\" a form of \"speech\"?",
        "Is \"hiking\" a form of \"travel\"?",
        "Is a \"recipe\" a form of \"instruction\"?",
        "Is \"daydreaming\" a form of \"thinking\"?",
        "Is \"gossip\" a form of \"news\"?",
        "Is a \"mountain\" a form of \"hill\"?",
        "Is \"walking\" a form of \"exercise\"?",
        "Is a \"candle\" a \"lamp\"?",
        "Is a \"trail\" a \"road\"?",
        "Is \"repainting\" a house \"repairing\" it?",
        "Is \"kneeling\" a form of \"sitting\"?",
        "Is a \"mask\" a form of \"clothing\"?"
      ],
      "mae_bootstrap": 0.20549425736252386,
      "mae_ci_lower": 0.17027591741278317,
      "mae_ci_upper": 0.23996496474890552,
      "mae_diff_from_50": 0.03208434505364591,
      "mae_diff_ci_lower": -0.01690135278520398,
      "mae_diff_ci_upper": 0.08198277437509467,
      "baseline_50_mae": 0.17340991230887792,
      "correlation": 0.7498194926320388,
      "p_value": 3.6939758506883035e-10
    },
    "gemini": {
      "mae": 0.22518652445183387,
      "std": 0.12249430885406726,
      "n_matched": 50,
      "mae_values": [
        0.35889151267018493,
        0.12071752610912967,
        0.38369144147873135,
        0.22703269194836473,
        0.2796217338066207,
        0.013875998375485254,
        0.23923823558282642,
        0.30686654515992995,
        0.19704855293865942,
        0.09484961930417013,
        0.294706592670821,
        0.2103891191188998,
        0.2626254164295153,
        0.14394679853975023,
        0.07761784807745231,
        0.07250112741379655,
        0.3752871906146225,
        0.18669621188416197,
        0.26998285452963455,
        0.19361469253385694,
        0.45802143017229935,
        0.2600154003925328,
        0.020525737316999693,
        0.3489895811575031,
        0.016861677327916935,
        0.2652529497781069,
        0.32100394115670405,
        0.10871008515437564,
        0.04266130907936483,
        0.37779201128562895,
        0.27715863471048763,
        0.3505988821918974,
        0.36993395094942627,
        0.3199195217416405,
        0.3979570496139866,
        0.07213329824389225,
        0.052374992234874296,
        0.19042799025824506,
        0.1377647890550594,
        0.17211191630057898,
        0.1505908301711597,
        0.2297269803770673,
        0.21382400171791693,
        0.3795485237149466,
        0.07653974136099495,
        0.14899208056561114,
        0.33733551582724797,
        0.09739766836627956,
        0.26460653491103764,
        0.4913474882712987
      ],