Prompt,Distribution Mean,Distribution Std Dev,KS Statistic,KS p-value,KS Normal (p>0.05),AD Statistic,AD p-value,AD Critical Value (5%),AD Normal (stat<crit),Column
1,31.66701030927835,23.948536841213187,0.3617049917670442,7.229736130470644e-228,False,263.80896026401115,0.0001,0.785,False,Confidence Value
2,51.86646433990895,28.011692285488255,0.3676351199963364,4.003753114419592e-240,False,301.40868536328526,0.0001,0.785,False,Confidence Value
3,25.208810068649885,11.39168431715763,0.4157790390859215,3.949088867937634e-274,False,277.9634229104113,0.0001,0.785,False,Confidence Value
4,70.49012658227848,16.002904126761056,0.4924766622221054,0.0,False,592.926048744363,0.0001,0.785,False,Confidence Value
5,63.6743708269132,37.565471359635964,0.29371728243238604,2.52683438710605e-149,False,212.576794821156,0.0001,0.785,False,Confidence Value
