Prompt Number,First Token,Second Token,Mean Confidence,Std Dev,Min,Max,2.5th Percentile,97.5th Percentile,95% Interval Width,Sample Size,Favors First Token (>50),Favors Second Token (<50),Neutral (=50)
1,Covered,Not,31.66701030927835,23.954711531748032,0.0,75.0,5.0,75.0,70.0,1940,459,1480,1
2,Ultimate,First,51.86646433990895,28.01877936777363,10.0,95.0,15.0,75.0,60.0,1977,1166,811,0
3,Existing,Future,25.208810068649885,11.394944206855925,0.0,75.0,15.0,75.0,60.0,1748,76,1671,1
4,Monthly,Payment,70.49012658227848,16.006957034038425,0.0,85.0,1.0,75.0,74.0,1975,1845,121,9
5,Covered,Not,63.6743708269132,37.57512209103707,0.0,100.0,0.0,100.0,100.0,1947,1301,551,95
